Algorithm,Mean Squared Error
OMP,2.9220201504137887e-22
CoSaMP,1026940.540239957
IRLS,9.06450962380473e-16
