Algorithm,Mean Squared Error
OMP,2.901919114207395e-22
CoSaMP,1026940.5402399569
