Algorithme,Erreur quadratique moyenne,Nombre moyen de composantes non nulles,Nombre d'itérations moyen
OMP,2.9220201504137887e-22,3.0,2.0
CoSaMP,1026940.540239957,0.30612244897959184,2.0408163265306123
IRLS,9.06450962380473e-16,3.061224489795918,2.0408163265306123
StOMP,2.480339070130462e-22,3.061224489795918,0.02040816326530612
